Country or Area,Subgroup,Year,Value,Value Footnotes
Afghanistan,Female,2004,5637.0,No footnotes
Afghanistan,Female,2003,5344.0,1.0
Afghanistan,Male,2004,22011.0,No footnotes
Afghanistan,Male,2003,20867.0,No footnotes
Albania,Female,2004,32897.0,No footnotes
Albania,Female,2003,27180.0,No footnotes
Albania,Female,2002,26124.0,No footnotes
Albania,Female,2001,25069.0,No footnotes
Albania,Female,2000,24017.0,No footnotes
Albania,Female,1999,23032.0,No footnotes
Albania,Male,2004,20117.0,No footnotes
Albania,Male,2003,16420.0,No footnotes
Albania,Male,2002,16036.0,No footnotes
Albania,Male,2001,15790.0,No footnotes
Albania,Male,2000,16108.0,No footnotes
Albania,Male,1999,15470.0,No footnotes
Algeria,Female,2005,429912.0,No footnotes
Algeria,Female,2004,365409.0,No footnotes
Algeria,Male,2005,325551.0,No footnotes
Algeria,Male,2004,351043.0,No footnotes
Andorra,Female,2005,174.0,No footnotes
Andorra,Female,2004,161.0,No footnotes
Andorra,Female,2003,149.0,No footnotes
Andorra,Female,2002,133.0,No footnotes
Andorra,Male,2005,168.0,No footnotes
Andorra,Male,2004,170.0,No footnotes
Andorra,Male,2003,157.0,No footnotes
Andorra,Male,2002,134.0,No footnotes
Angola,Female,2002,5009.0,2.0
Angola,Female,1999,3060.0,No footnotes
Angola,Male,2002,7557.0,3.0
Angola,Male,1999,4785.0,No footnotes
Anguilla,Female,2005,25.0,No footnotes
Anguilla,Female,2004,17.0,No footnotes
Anguilla,Female,2003,12.0,No footnotes
Anguilla,Male,2005,8.0,No footnotes
Anguilla,Male,2004,4.0,No footnotes
Anguilla,Male,2003,0.0,No footnotes
Argentina,Female,2004,1234534.0,No footnotes
Argentina,Female,2003,1253534.0,No footnotes
Argentina,Female,2002,1202086.0,No footnotes
Argentina,Female,2001,1136287.0,No footnotes
Argentina,Female,2000,1066341.0,1.0
Argentina,Female,1999,987167.0,No footnotes
Argentina,Male,2004,892579.0,No footnotes
Argentina,Male,2003,847903.0,No footnotes
Argentina,Male,2002,824649.0,No footnotes
Argentina,Male,2001,782421.0,No footnotes
Argentina,Male,2000,700592.0,No footnotes
Argentina,Male,1999,613715.0,No footnotes
Armenia,Female,2005,48060.0,No footnotes
Armenia,Female,2004,44002.0,No footnotes
Armenia,Female,2003,39544.0,No footnotes
Armenia,Female,2002,40516.0,No footnotes
Armenia,Female,2001,37523.0,No footnotes
Armenia,Female,2000,33731.0,No footnotes
Armenia,Female,1999,32883.0,No footnotes
Armenia,Male,2005,38569.0,No footnotes
Armenia,Male,2004,35319.0,No footnotes
Armenia,Male,2003,34059.0,No footnotes
Armenia,Male,2002,34958.0,No footnotes
Armenia,Male,2001,31181.0,No footnotes
Armenia,Male,2000,29063.0,No footnotes
Armenia,Male,1999,27801.0,No footnotes
Aruba,Female,2005,1259.0,No footnotes
Aruba,Female,2004,1026.0,No footnotes
Aruba,Female,2003,992.0,No footnotes
Aruba,Female,2002,962.0,No footnotes
Aruba,Female,2001,986.0,No footnotes
Aruba,Female,2000,957.0,No footnotes
Aruba,Female,1999,780.0,No footnotes
Aruba,Male,2005,847.0,No footnotes
Aruba,Male,2004,678.0,No footnotes
Aruba,Male,2003,680.0,No footnotes
Aruba,Male,2002,630.0,No footnotes
Aruba,Male,2001,642.0,No footnotes
Aruba,Male,2000,621.0,No footnotes
Aruba,Male,1999,666.0,No footnotes
Australia,Female,2005,553069.0,No footnotes
Australia,Female,2004,543347.0,No footnotes
Australia,Female,2003,544603.0,No footnotes
Australia,Female,2002,546544.0,No footnotes
Australia,Female,2001,470652.0,No footnotes
Australia,Female,2000,458538.0,No footnotes
Australia,Female,1999,457686.0,No footnotes
Australia,Male,2005,461991.0,No footnotes
Australia,Male,2004,459651.0,No footnotes
Australia,Male,2003,461374.0,No footnotes
Australia,Male,2002,465666.0,No footnotes
Australia,Male,2001,398037.0,No footnotes
Australia,Male,2000,386594.0,No footnotes
Australia,Male,1999,387950.0,No footnotes
Austria,Female,2005,131144.0,No footnotes
Austria,Female,2004,127206.0,No footnotes
Austria,Female,2003,121778.0,No footnotes
Austria,Female,2002,117881.0,No footnotes
Austria,Female,2001,137222.0,No footnotes
Austria,Female,2000,133122.0,No footnotes
Austria,Female,1999,126534.0,No footnotes
Austria,Male,2005,113266.0,No footnotes
Austria,Male,2004,111316.0,No footnotes
Austria,Male,2003,108024.0,No footnotes
Austria,Male,2002,105854.0,No footnotes
Austria,Male,2001,127447.0,No footnotes
Austria,Male,2000,128107.0,No footnotes
Austria,Male,1999,126359.0,No footnotes
Azerbaijan,Female,2005,60131.0,No footnotes
Azerbaijan,Female,2004,56431.0,No footnotes
Azerbaijan,Female,2003,54117.0,No footnotes
Azerbaijan,Female,2002,53661.0,No footnotes
Azerbaijan,Female,2001,50203.0,No footnotes
Azerbaijan,Female,2000,46884.0,No footnotes
Azerbaijan,Female,1999,42066.0,No footnotes
Azerbaijan,Male,2005,68503.0,No footnotes
Azerbaijan,Male,2004,66339.0,No footnotes
Azerbaijan,Male,2003,67039.0,No footnotes
Azerbaijan,Male,2002,67814.0,No footnotes
Azerbaijan,Male,2001,70490.0,No footnotes
Azerbaijan,Male,2000,70193.0,No footnotes
Azerbaijan,Male,1999,65717.0,No footnotes
Bahrain,Female,2005,12781.0,No footnotes
Bahrain,Female,2004,11684.0,1.0
Bahrain,Female,2003,11810.0,No footnotes
Bahrain,Female,1999,6630.0,1.0
Bahrain,Male,2005,6060.0,No footnotes
Bahrain,Male,2004,6840.0,No footnotes
Bahrain,Male,2003,7269.0,No footnotes
Bahrain,Male,1999,4418.0,5.0
Bangladesh,Female,2005,304935.0,No footnotes
Bangladesh,Female,2004,259165.0,No footnotes
Bangladesh,Female,2003,280951.0,No footnotes
Bangladesh,Female,2002,273799.0,No footnotes
Bangladesh,Female,2001,297265.0,No footnotes
Bangladesh,Female,2000,234797.0,No footnotes
Bangladesh,Female,1999,228860.0,No footnotes
Bangladesh,Male,2005,606665.0,No footnotes
Bangladesh,Male,2004,562199.0,No footnotes
Bangladesh,Male,2003,596384.0,No footnotes
Bangladesh,Male,2002,581540.0,No footnotes
Bangladesh,Male,2001,581272.0,No footnotes
Bangladesh,Male,2000,491904.0,No footnotes
Bangladesh,Male,1999,480364.0,No footnotes
Barbados,Female,2001,5640.0,No footnotes
Barbados,Female,2000,5838.0,No footnotes
Barbados,Female,1999,4786.0,No footnotes
Barbados,Male,2001,2339.0,No footnotes
Barbados,Male,2000,2236.0,No footnotes
Barbados,Male,1999,2129.0,No footnotes
Belarus,Female,2005,299984.0,No footnotes
Belarus,Female,2004,289517.0,No footnotes
Belarus,Female,2003,278862.0,No footnotes
Belarus,Female,2002,263271.0,No footnotes
Belarus,Female,2001,246071.0,No footnotes
Belarus,Female,2000,231169.0,No footnotes
Belarus,Female,1999,216261.0,No footnotes
Belarus,Male,2005,228524.0,No footnotes
Belarus,Male,2004,217843.0,No footnotes
Belarus,Male,2003,209788.0,No footnotes
Belarus,Male,2002,200273.0,No footnotes
Belarus,Male,2001,191924.0,No footnotes
Belarus,Male,2000,180692.0,No footnotes
Belarus,Male,1999,171086.0,No footnotes
Belgium,Female,2005,211974.0,No footnotes
Belgium,Female,2004,207756.0,No footnotes
Belgium,Female,2003,199796.0,No footnotes
Belgium,Female,2002,194843.0,No footnotes
Belgium,Female,2001,189813.0,No footnotes
Belgium,Female,2000,185908.0,No footnotes
Belgium,Female,1999,185306.0,No footnotes
Belgium,Male,2005,177573.0,No footnotes
Belgium,Male,2004,178354.0,No footnotes
Belgium,Male,2003,174736.0,No footnotes
Belgium,Male,2002,172139.0,No footnotes
Belgium,Male,2001,169452.0,No footnotes
Belgium,Male,2000,169840.0,No footnotes
Belgium,Male,1999,166482.0,No footnotes
Belize,Female,2004,507.0,No footnotes
Belize,Female,2003,342.0,2.0
Belize,Male,2004,215.0,No footnotes
Belize,Male,2003,185.0,3.0
Benin,Female,2001,3920.0,1.0
Benin,Female,2000,3719.0,No footnotes
Benin,Female,1999,3346.0,No footnotes
Benin,Male,2001,15838.0,No footnotes
Benin,Male,2000,15034.0,No footnotes
Benin,Male,1999,12938.0,No footnotes
Bermuda,Female,2002,1080.0,1.0
Bermuda,Female,2001,1068.0,No footnotes
Bermuda,Male,2002,880.0,No footnotes
Bermuda,Male,2001,874.0,No footnotes
Bhutan,Female,2001,639.0,1.0
Bhutan,Female,2000,620.0,1.0
Bhutan,Female,1999,539.0,1.0
Bhutan,Male,2001,1254.0,No footnotes
Bhutan,Male,2000,1217.0,No footnotes
Bhutan,Male,1999,940.0,No footnotes
Botswana,Female,2005,5449.0,No footnotes
Botswana,Female,2004,4735.0,No footnotes
Botswana,Female,2002,3754.0,No footnotes
Botswana,Female,2001,3597.0,No footnotes
Botswana,Female,2000,2684.0,No footnotes
Botswana,Female,1999,2436.0,No footnotes
Botswana,Male,2005,5501.0,No footnotes
Botswana,Male,2004,5462.0,No footnotes
Botswana,Male,2002,4618.0,No footnotes
Botswana,Male,2001,4054.0,No footnotes
Botswana,Male,2000,3648.0,No footnotes
Botswana,Male,1999,3096.0,No footnotes
Brazil,Female,2004,2408720.0,No footnotes
Brazil,Female,2003,2254291.0,No footnotes
Brazil,Female,2002,2022907.0,No footnotes
Brazil,Female,2001,1753483.0,No footnotes
Brazil,Female,2000,1562153.0,No footnotes
Brazil,Female,1999,1365159.0,No footnotes
Brazil,Male,2004,1866307.0,No footnotes
Brazil,Male,2003,1740131.0,No footnotes
Brazil,Male,2002,1559198.0,No footnotes
Brazil,Male,2001,1372262.0,No footnotes
Brazil,Male,2000,1219175.0,No footnotes
Brazil,Male,1999,1091802.0,No footnotes
British Virgin Islands,Female,2005,825.0,1.0
British Virgin Islands,Female,2004,789.0,No footnotes
British Virgin Islands,Female,2003,735.0,1.0
British Virgin Islands,Female,2002,523.0,No footnotes
British Virgin Islands,Female,2001,423.0,No footnotes
British Virgin Islands,Female,2000,540.0,1.0
British Virgin Islands,Female,1999,598.0,No footnotes
British Virgin Islands,Male,2005,375.0,No footnotes
British Virgin Islands,Male,2004,347.0,No footnotes
British Virgin Islands,Male,2003,290.0,No footnotes
British Virgin Islands,Male,2002,235.0,No footnotes
British Virgin Islands,Male,2001,246.0,No footnotes
British Virgin Islands,Male,2000,210.0,No footnotes
British Virgin Islands,Male,1999,258.0,No footnotes
Brunei,Female,2005,3341.0,No footnotes
Brunei,Female,2004,3247.0,No footnotes
Brunei,Female,2003,2941.0,No footnotes
Brunei,Female,2002,2886.0,1.0
Brunei,Female,2001,2830.0,No footnotes
Brunei,Female,2000,2580.0,No footnotes
Brunei,Female,1999,2442.0,No footnotes
Brunei,Male,2005,1682.0,No footnotes
Brunei,Male,2004,1670.0,No footnotes
Brunei,Male,2003,1605.0,No footnotes
Brunei,Male,2002,1627.0,No footnotes
Brunei,Male,2001,1649.0,No footnotes
Brunei,Male,2000,1404.0,No footnotes
Brunei,Male,1999,1263.0,No footnotes
Bulgaria,Female,2005,123940.0,No footnotes
Bulgaria,Female,2004,119890.0,No footnotes
Bulgaria,Female,2003,121709.0,No footnotes
Bulgaria,Female,2002,123261.0,No footnotes
Bulgaria,Female,2001,139081.0,No footnotes
Bulgaria,Female,2000,149671.0,No footnotes
Bulgaria,Female,1999,160614.0,No footnotes
Bulgaria,Male,2005,113969.0,No footnotes
Bulgaria,Male,2004,108578.0,No footnotes
Bulgaria,Male,2003,108804.0,No footnotes
Bulgaria,Male,2002,105133.0,No footnotes
Bulgaria,Male,2001,107925.0,No footnotes
Bulgaria,Male,2000,111650.0,No footnotes
Bulgaria,Male,1999,109463.0,No footnotes
Burkina Faso,Female,2005,8587.0,No footnotes
Burkina Faso,Female,2004,4228.0,1.0
Burkina Faso,Female,2003,4078.0,No footnotes
Burkina Faso,Female,2002,3946.0,No footnotes
Burkina Faso,Female,2001,3130.0,1.0
Burkina Faso,Female,1999,2251.0,No footnotes
Burkina Faso,Male,2005,19355.0,No footnotes
Burkina Faso,Male,2004,14640.0,No footnotes
Burkina Faso,Male,2003,14122.0,No footnotes
Burkina Faso,Male,2002,11589.0,No footnotes
Burkina Faso,Male,2001,9192.0,5.0
Burkina Faso,Male,1999,7627.0,No footnotes
Burundi,Female,2005,4673.0,1.0
Burundi,Female,2004,4353.0,No footnotes
Burundi,Female,2003,3795.0,1.0
Burundi,Female,2002,3211.0,No footnotes
Burundi,Female,2001,1712.0,No footnotes
Burundi,Female,2000,1643.0,No footnotes
Burundi,Female,1999,1488.0,No footnotes
Burundi,Male,2005,12216.0,No footnotes
Burundi,Male,2004,11353.0,No footnotes
Burundi,Male,2003,8120.0,No footnotes
Burundi,Male,2002,7335.0,No footnotes
Burundi,Male,2001,4577.0,No footnotes
Burundi,Male,2000,4489.0,No footnotes
Burundi,Male,1999,3549.0,No footnotes
Cambodia,Female,2005,17875.0,No footnotes
Cambodia,Female,2004,14196.0,No footnotes
Cambodia,Female,2003,12457.0,1.0
Cambodia,Female,2002,9228.0,No footnotes
Cambodia,Female,2001,6950.0,No footnotes
Cambodia,Female,2000,5547.0,No footnotes
Cambodia,Male,2005,38935.0,No footnotes
Cambodia,Male,2004,31174.0,No footnotes
Cambodia,Male,2003,30753.0,5.0
Cambodia,Male,2002,22782.0,No footnotes
Cambodia,Male,2001,18466.0,No footnotes
Cambodia,Male,2000,16561.0,No footnotes
Cameroon,Female,2005,39448.0,1.0
Cameroon,Female,2004,32541.0,1.0
Cameroon,Female,2003,31538.0,1.0
Cameroon,Female,2002,30138.0,1.0
Cameroon,Male,2005,60416.0,No footnotes
Cameroon,Male,2004,51362.0,No footnotes
Cameroon,Male,2003,49780.0,5.0
Cameroon,Male,2002,47569.0,5.0
Canada,Female,2004,748927.0,1.0
Canada,Female,2002,707689.0,No footnotes
Canada,Female,2000,678935.0,No footnotes
Canada,Female,1999,683311.0,No footnotes
Canada,Male,2004,577784.0,No footnotes
Canada,Male,2002,547144.0,No footnotes
Canada,Male,2000,533226.0,No footnotes
Canada,Male,1999,537340.0,No footnotes
Cape Verde,Female,2005,1994.0,No footnotes
Cape Verde,Female,2004,1597.0,No footnotes
Cape Verde,Female,2003,1172.0,No footnotes
Cape Verde,Female,2002,924.0,No footnotes
Cape Verde,Female,2001,367.0,1.0
Cape Verde,Female,2000,409.0,1.0
Cape Verde,Male,2005,1916.0,No footnotes
Cape Verde,Male,2004,1439.0,No footnotes
Cape Verde,Male,2003,1043.0,No footnotes
Cape Verde,Male,2002,886.0,No footnotes
Cape Verde,Male,2001,351.0,5.0
Cape Verde,Male,2000,392.0,5.0
Cayman Islands,Female,2001,291.0,No footnotes
Cayman Islands,Female,2000,280.0,1.0
Cayman Islands,Female,1999,280.0,1.0
Cayman Islands,Male,2001,99.0,No footnotes
Cayman Islands,Male,2000,100.0,No footnotes
Cayman Islands,Male,1999,100.0,No footnotes
Central African Republic,Female,2000,1027.0,No footnotes
Central African Republic,Female,1999,1002.0,No footnotes
Central African Republic,Male,2000,5296.0,No footnotes
Central African Republic,Male,1999,5227.0,No footnotes
Chad,Female,2005,1310.0,1.0
Chad,Female,2004,1262.0,No footnotes
Chad,Female,2003,755.0,No footnotes
Chad,Female,2001,916.0,1.0
Chad,Female,2000,885.0,No footnotes
Chad,Male,2005,9158.0,No footnotes
Chad,Male,2004,8819.0,No footnotes
Chad,Male,2003,6642.0,No footnotes
Chad,Male,2001,5190.0,No footnotes
Chad,Male,2000,5016.0,No footnotes
Chile,Female,2005,319529.0,No footnotes
Chile,Female,2004,278712.0,No footnotes
Chile,Female,2003,271278.0,No footnotes
Chile,Female,2002,247809.0,No footnotes
Chile,Female,2000,213254.0,No footnotes
Chile,Female,1999,212448.0,No footnotes
Chile,Male,2005,344165.0,No footnotes
Chile,Male,2004,302103.0,No footnotes
Chile,Male,2003,295836.0,No footnotes
Chile,Male,2002,273800.0,No footnotes
Chile,Male,2000,238923.0,No footnotes
Chile,Male,1999,238504.0,No footnotes
China,Female,2005,9944290.0,No footnotes
China,Female,2004,8512217.0,1.0
China,Female,2003,6657178.0,No footnotes
China,Male,2005,11391356.0,No footnotes
China,Male,2004,10904827.0,5.0
China,Male,2003,8529039.0,No footnotes
Colombia,Female,2005,628006.0,No footnotes
Colombia,Female,2004,570760.0,No footnotes
Colombia,Female,2003,508128.0,1.0
Colombia,Female,2002,509251.0,No footnotes
Colombia,Female,2001,506344.0,No footnotes
Colombia,Female,2000,481970.0,No footnotes
Colombia,Female,1999,457595.0,No footnotes
Colombia,Male,2005,595588.0,No footnotes
Colombia,Male,2004,541814.0,No footnotes
Colombia,Male,2003,478552.0,No footnotes
Colombia,Male,2002,480494.0,No footnotes
Colombia,Male,2001,470899.0,No footnotes
Colombia,Male,2000,452115.0,No footnotes
Colombia,Male,1999,420349.0,No footnotes
Comoros,Female,2004,768.0,1.0
Comoros,Female,2003,737.0,No footnotes
Comoros,Female,2000,299.0,1.0
Comoros,Female,1999,277.0,No footnotes
Comoros,Male,2004,1011.0,No footnotes
Comoros,Male,2003,970.0,No footnotes
Comoros,Male,2000,415.0,5.0
Comoros,Male,1999,372.0,No footnotes
Congo,Female,2003,1969.0,1.0
Congo,Female,2002,1923.0,No footnotes
Congo,Female,2001,1599.0,No footnotes
Congo,Female,2000,3716.0,No footnotes
Congo,Female,1999,2251.0,No footnotes
Congo,Male,2003,10487.0,No footnotes
Congo,Male,2002,10241.0,No footnotes
Congo,Male,2001,11804.0,No footnotes
Congo,Male,2000,11913.0,No footnotes
Congo,Male,1999,8462.0,No footnotes
Costa Rica,Female,2005,60144.0,1.0
Costa Rica,Female,2004,59083.0,No footnotes
Costa Rica,Female,2003,41608.0,1.0
Costa Rica,Female,2002,40467.0,No footnotes
Costa Rica,Female,2001,41722.0,No footnotes
Costa Rica,Female,2000,32923.0,No footnotes
Costa Rica,Female,1999,31012.0,No footnotes
Costa Rica,Male,2005,50573.0,No footnotes
Costa Rica,Male,2004,49682.0,No footnotes
Costa Rica,Male,2003,37891.0,No footnotes
Costa Rica,Male,2002,36816.0,No footnotes
Costa Rica,Male,2001,37460.0,No footnotes
Costa Rica,Male,2000,28731.0,No footnotes
Costa Rica,Male,1999,27749.0,No footnotes
Côte d’Ivoire,Female,1999,25398.0,No footnotes
Côte d’Ivoire,Male,1999,71283.0,No footnotes
Croatia,Female,2003,64749.0,No footnotes
Croatia,Female,2002,59028.0,No footnotes
Croatia,Female,2001,54637.0,No footnotes
Croatia,Female,2000,51021.0,No footnotes
Croatia,Female,1999,50726.0,No footnotes
Croatia,Male,2003,56973.0,No footnotes
Croatia,Male,2002,53509.0,No footnotes
Croatia,Male,2001,49531.0,No footnotes
Croatia,Male,2000,45777.0,No footnotes
Croatia,Male,1999,45163.0,No footnotes
Cuba,Female,2005,293089.0,1.0
Cuba,Female,2004,247063.0,1.0
Cuba,Female,2003,132543.0,No footnotes
Cuba,Female,2002,104036.0,No footnotes
Cuba,Female,2001,92824.0,No footnotes
Cuba,Female,2000,84826.0,No footnotes
Cuba,Female,1999,81558.0,No footnotes
Cuba,Male,2005,178769.0,5.0
Cuba,Male,2004,149453.0,5.0
Cuba,Male,2003,103454.0,No footnotes
Cuba,Male,2002,87226.0,No footnotes
Cuba,Male,2001,85197.0,No footnotes
Cuba,Male,2000,73848.0,No footnotes
Cuba,Male,1999,71905.0,No footnotes
Cyprus,Female,2005,10442.0,No footnotes
Cyprus,Female,2004,9990.0,No footnotes
Cyprus,Female,2003,9044.0,No footnotes
Cyprus,Female,2002,7636.0,No footnotes
Cyprus,Female,2001,6923.0,No footnotes
Cyprus,Female,2000,5945.0,No footnotes
Cyprus,Female,1999,6075.0,No footnotes
Cyprus,Male,2005,9636.0,No footnotes
Cyprus,Male,2004,10859.0,No footnotes
Cyprus,Male,2003,9228.0,No footnotes
Cyprus,Male,2002,6291.0,No footnotes
Cyprus,Male,2001,5011.0,No footnotes
Cyprus,Male,2000,4469.0,No footnotes
Cyprus,Male,1999,4767.0,No footnotes
Czech Republic,Female,2005,176965.0,No footnotes
Czech Republic,Female,2004,163409.0,No footnotes
Czech Republic,Female,2003,145451.0,No footnotes
Czech Republic,Female,2002,145747.0,No footnotes
Czech Republic,Female,2001,130298.0,No footnotes
Czech Republic,Female,2000,126289.0,No footnotes
Czech Republic,Female,1999,114991.0,No footnotes
Czech Republic,Male,2005,159342.0,No footnotes
Czech Republic,Male,2004,155449.0,No footnotes
Czech Republic,Male,2003,141550.0,No footnotes
Czech Republic,Male,2002,138738.0,No footnotes
Czech Republic,Male,2001,129746.0,No footnotes
Czech Republic,Male,2000,127406.0,No footnotes
Czech Republic,Male,1999,116233.0,No footnotes
Denmark,Female,2005,133376.0,No footnotes
Denmark,Female,2004,125628.0,No footnotes
Denmark,Female,2003,116844.0,No footnotes
Denmark,Female,2002,112698.0,No footnotes
Denmark,Female,2001,108290.0,No footnotes
Denmark,Female,2000,107644.0,No footnotes
Denmark,Female,1999,106957.0,No footnotes
Denmark,Male,2005,98879.0,No footnotes
Denmark,Male,2004,91502.0,No footnotes
Denmark,Male,2003,84902.0,No footnotes
Denmark,Male,2002,83506.0,No footnotes
Denmark,Male,2001,83732.0,No footnotes
Denmark,Male,2000,81518.0,No footnotes
Denmark,Male,1999,83013.0,No footnotes
Djibouti,Female,2005,708.0,No footnotes
Djibouti,Female,2004,508.0,No footnotes
Djibouti,Female,2003,371.0,No footnotes
Djibouti,Female,2002,324.0,No footnotes
Djibouti,Female,2001,207.0,No footnotes
Djibouti,Female,2000,89.0,No footnotes
Djibouti,Female,1999,89.0,No footnotes
Djibouti,Male,2005,988.0,No footnotes
Djibouti,Male,2004,626.0,No footnotes
Djibouti,Male,2003,535.0,No footnotes
Djibouti,Male,2002,404.0,No footnotes
Djibouti,Male,2001,289.0,No footnotes
Djibouti,Male,2000,101.0,No footnotes
Djibouti,Male,1999,86.0,No footnotes
Dominican Republic,Female,2004,180045.0,1.0
Dominican Republic,Female,2003,175973.0,No footnotes
Dominican Republic,Male,2004,113520.0,No footnotes
Dominican Republic,Male,2003,110981.0,No footnotes
El Salvador,Female,2005,66982.0,No footnotes
El Salvador,Female,2004,65451.0,No footnotes
El Salvador,Female,2003,62774.0,No footnotes
El Salvador,Female,2002,61449.0,No footnotes
El Salvador,Female,2001,59551.0,No footnotes
El Salvador,Female,2000,62222.0,No footnotes
El Salvador,Female,1999,65299.0,No footnotes
El Salvador,Male,2005,55449.0,No footnotes
El Salvador,Male,2004,54813.0,No footnotes
El Salvador,Male,2003,53747.0,No footnotes
El Salvador,Male,2002,51917.0,No footnotes
El Salvador,Male,2001,50395.0,No footnotes
El Salvador,Male,2000,52453.0,No footnotes
El Salvador,Male,1999,53192.0,No footnotes
Equatorial Guinea,Female,2000,304.0,No footnotes
Equatorial Guinea,Male,2000,699.0,No footnotes
Eritrea,Female,2004,606.0,No footnotes
Eritrea,Female,2003,768.0,1.0
Eritrea,Female,2002,738.0,No footnotes
Eritrea,Female,2001,738.0,No footnotes
Eritrea,Female,2000,592.0,No footnotes
Eritrea,Female,1999,540.0,No footnotes
Eritrea,Male,2004,4006.0,No footnotes
Eritrea,Male,2003,4987.0,No footnotes
Eritrea,Male,2002,4769.0,No footnotes
Eritrea,Male,2001,4767.0,No footnotes
Eritrea,Male,2000,3543.0,No footnotes
Eritrea,Male,1999,3454.0,No footnotes
Estonia,Female,2005,41677.0,No footnotes
Estonia,Female,2004,40558.0,No footnotes
Estonia,Female,2003,39153.0,No footnotes
Estonia,Female,2002,37269.0,No footnotes
Estonia,Female,2001,34719.0,No footnotes
Estonia,Female,2000,31346.0,No footnotes
Estonia,Female,1999,28124.0,No footnotes
Estonia,Male,2005,26083.0,No footnotes
Estonia,Male,2004,25101.0,No footnotes
Estonia,Male,2003,24472.0,No footnotes
Estonia,Male,2002,23379.0,No footnotes
Estonia,Male,2001,23059.0,No footnotes
Estonia,Male,2000,22267.0,No footnotes
Estonia,Male,1999,20560.0,No footnotes
Ethiopia,Female,2005,46574.0,No footnotes
Ethiopia,Female,2004,43307.0,No footnotes
Ethiopia,Female,2003,37259.0,No footnotes
Ethiopia,Female,2002,26898.0,No footnotes
Ethiopia,Female,2001,18707.0,No footnotes
Ethiopia,Female,2000,14681.0,No footnotes
Ethiopia,Female,1999,9769.0,No footnotes
Ethiopia,Male,2005,144591.0,No footnotes
Ethiopia,Male,2004,128804.0,No footnotes
Ethiopia,Male,2003,110695.0,No footnotes
Ethiopia,Male,2002,74931.0,No footnotes
Ethiopia,Male,2001,68724.0,No footnotes
Ethiopia,Male,2000,53051.0,No footnotes
Ethiopia,Male,1999,42536.0,No footnotes
Fiji,Female,2005,6747.0,1.0
Fiji,Female,2004,6790.0,No footnotes
Fiji,Female,2003,6798.0,1.0
Fiji,Male,2005,5970.0,No footnotes
Fiji,Male,2004,5993.0,No footnotes
Fiji,Male,2003,5981.0,No footnotes
Finland,Female,2005,163872.0,No footnotes
Finland,Female,2004,160104.0,No footnotes
Finland,Female,2003,156012.0,No footnotes
Finland,Female,2002,153520.0,No footnotes
Finland,Female,2001,150585.0,No footnotes
Finland,Female,2000,145099.0,No footnotes
Finland,Female,1999,141879.0,No footnotes
Finland,Male,2005,142124.0,No footnotes
Finland,Male,2004,139784.0,No footnotes
Finland,Male,2003,135652.0,No footnotes
Finland,Male,2002,130285.0,No footnotes
Finland,Male,2001,129043.0,No footnotes
Finland,Male,2000,125086.0,No footnotes
Finland,Male,1999,121011.0,No footnotes
France,Female,2005,1207887.0,No footnotes
France,Female,2004,1189125.0,No footnotes
France,Female,2003,1166248.0,No footnotes
France,Female,2002,1111993.0,No footnotes
France,Female,2001,1099629.0,No footnotes
France,Female,2000,1092477.0,No footnotes
France,Female,1999,1095322.0,No footnotes
France,Male,2005,979496.0,No footnotes
France,Male,2004,971175.0,No footnotes
France,Male,2003,952901.0,No footnotes
France,Male,2002,917186.0,No footnotes
France,Male,2001,932114.0,No footnotes
France,Male,2000,922867.0,No footnotes
France,Male,1999,916871.0,No footnotes
Gabon,Female,1999,2667.0,No footnotes
Gabon,Male,1999,4806.0,No footnotes
Gambia The,Female,2004,293.0,No footnotes
Gambia The,Female,1999,265.0,No footnotes
Gambia The,Male,2004,1237.0,No footnotes
Gambia The,Male,1999,904.0,No footnotes
Georgia,Female,2005,87836.0,No footnotes
Georgia,Female,2004,78359.0,No footnotes
Georgia,Female,2003,75834.0,No footnotes
Georgia,Female,2002,74320.0,No footnotes
Georgia,Female,2001,68842.0,No footnotes
Georgia,Female,2000,67418.0,No footnotes
Georgia,Female,1999,67658.0,No footnotes
Georgia,Male,2005,86419.0,No footnotes
Georgia,Male,2004,76699.0,No footnotes
Georgia,Male,2003,79619.0,No footnotes
Georgia,Male,2002,74822.0,No footnotes
Georgia,Male,2001,71785.0,No footnotes
Georgia,Male,2000,69628.0,No footnotes
Georgia,Male,1999,62506.0,No footnotes
Ghana,Female,2005,41783.0,No footnotes
Ghana,Female,2004,22059.0,No footnotes
Ghana,Female,2003,22344.0,No footnotes
Ghana,Female,2002,18992.0,No footnotes
Ghana,Female,2001,18282.0,No footnotes
Ghana,Female,2000,13646.0,No footnotes
Ghana,Male,2005,77776.0,No footnotes
Ghana,Male,2004,47909.0,No footnotes
Ghana,Male,2003,47949.0,No footnotes
Ghana,Male,2002,49397.0,No footnotes
Ghana,Male,2001,45816.0,No footnotes
Ghana,Male,2000,41012.0,No footnotes
Greece,Female,2005,330440.0,No footnotes
Greece,Female,2004,308697.0,No footnotes
Greece,Female,2003,286091.0,No footnotes
Greece,Female,2002,271230.0,No footnotes
Greece,Female,2001,244413.0,No footnotes
Greece,Female,2000,211087.0,No footnotes
Greece,Female,1999,194908.0,No footnotes
Greece,Male,2005,316147.0,No footnotes
Greece,Male,2004,288310.0,No footnotes
Greece,Male,2003,275377.0,No footnotes
Greece,Male,2002,258003.0,No footnotes
Greece,Male,2001,233792.0,No footnotes
Greece,Male,2000,211230.0,No footnotes
Greece,Male,1999,192951.0,No footnotes
Guatemala,Female,2003,49380.0,1.0
Guatemala,Female,2002,48078.0,No footnotes
Guatemala,Male,2003,65384.0,No footnotes
Guatemala,Male,2002,63661.0,No footnotes
Guinea,Female,2005,4435.0,No footnotes
Guinea,Female,2004,2693.0,No footnotes
Guinea,Female,2003,2637.0,1.0
Guinea,Male,2005,19353.0,No footnotes
Guinea,Male,2004,14525.0,No footnotes
Guinea,Male,2003,14221.0,No footnotes
Guinea-Bissau,Female,2001,74.0,1.0
Guinea-Bissau,Female,2000,72.0,No footnotes
Guinea-Bissau,Female,1999,78.0,1.0
Guinea-Bissau,Male,2001,399.0,No footnotes
Guinea-Bissau,Male,2000,391.0,No footnotes
Guinea-Bissau,Male,1999,421.0,No footnotes
Guyana,Female,2005,4917.0,No footnotes
Guyana,Female,2004,4524.0,No footnotes
Guyana,Male,2005,2361.0,No footnotes
Guyana,Male,2004,2409.0,No footnotes
Honduras,Female,2004,71999.0,1.0
Honduras,Female,2003,70265.0,No footnotes
Honduras,Female,2002,64763.0,1.0
Honduras,Female,2001,54212.0,1.0
Honduras,Female,2000,50850.0,No footnotes
Honduras,Female,1999,47373.0,1.0
Honduras,Male,2004,50875.0,No footnotes
Honduras,Male,2003,49612.0,No footnotes
Honduras,Male,2002,45726.0,No footnotes
Honduras,Male,2001,42400.0,No footnotes
Honduras,Male,2000,39770.0,No footnotes
Honduras,Male,1999,37627.0,No footnotes
Hong Kong SAR,Female,2005,77739.0,No footnotes
Hong Kong SAR,Female,2004,75662.0,No footnotes
Hong Kong SAR,Female,2003,73466.0,2.0
Hong Kong SAR,Male,2005,74555.0,No footnotes
Hong Kong SAR,Male,2004,72062.0,No footnotes
Hong Kong SAR,Male,2003,72573.0,No footnotes
Hungary,Female,2005,254657.0,No footnotes
Hungary,Female,2004,241753.0,No footnotes
Hungary,Female,2003,221363.0,No footnotes
Hungary,Female,2002,195854.0,No footnotes
Hungary,Female,2001,181062.0,No footnotes
Hungary,Female,2000,165404.0,No footnotes
Hungary,Female,1999,151471.0,No footnotes
Hungary,Male,2005,181355.0,No footnotes
Hungary,Male,2004,180424.0,No footnotes
Hungary,Male,2003,169090.0,No footnotes
Hungary,Male,2002,158532.0,No footnotes
Hungary,Male,2001,149487.0,No footnotes
Hungary,Male,2000,141667.0,No footnotes
Hungary,Male,1999,127926.0,No footnotes
Iceland,Female,2005,10020.0,1.0
Iceland,Female,2004,9491.0,No footnotes
Iceland,Female,2003,8497.0,No footnotes
Iceland,Female,2002,7322.0,No footnotes
Iceland,Female,2001,6383.0,No footnotes
Iceland,Female,2000,5985.0,No footnotes
Iceland,Female,1999,5260.0,No footnotes
Iceland,Male,2005,5509.0,No footnotes
Iceland,Male,2004,5219.0,No footnotes
Iceland,Male,2003,4850.0,No footnotes
Iceland,Male,2002,4262.0,No footnotes
Iceland,Male,2001,3801.0,No footnotes
Iceland,Male,2000,3682.0,No footnotes
Iceland,Male,1999,3202.0,No footnotes
India,Female,2005,4641576.0,No footnotes
India,Female,2004,4527606.0,No footnotes
India,Female,2003,4342409.0,No footnotes
India,Female,2002,4135343.0,No footnotes
India,Female,2001,3801494.0,No footnotes
India,Female,2000,3552026.0,No footnotes
India,Male,2005,7135720.0,No footnotes
India,Male,2004,7325330.0,No footnotes
India,Male,2003,6952632.0,No footnotes
India,Male,2002,6441310.0,No footnotes
India,Male,2001,6032552.0,No footnotes
India,Male,2000,5852434.0,No footnotes
Indonesia,Female,2005,1595396.0,1.0
Indonesia,Female,2004,1556231.0,No footnotes
Indonesia,Female,2003,1511088.0,No footnotes
Indonesia,Female,2002,1458354.0,No footnotes
Indonesia,Female,2001,1293089.0,No footnotes
Indonesia,Male,2005,2044874.0,No footnotes
Indonesia,Male,2004,1994861.0,No footnotes
Indonesia,Male,2003,1930341.0,No footnotes
Indonesia,Male,2002,1717479.0,No footnotes
Indonesia,Male,2001,1724798.0,No footnotes
Iran,Female,2005,1083664.0,No footnotes
Iran,Female,2004,1003920.0,No footnotes
Iran,Female,2003,869978.0,No footnotes
Iran,Female,2002,768433.0,No footnotes
Iran,Female,2001,743951.0,No footnotes
Iran,Female,2000,635973.0,No footnotes
Iran,Female,1999,568092.0,No footnotes
Iran,Male,2005,1042610.0,No footnotes
Iran,Male,2004,951000.0,No footnotes
Iran,Male,2003,844455.0,No footnotes
Iran,Male,2002,798076.0,No footnotes
Iran,Male,2001,825825.0,No footnotes
Iran,Male,2000,768907.0,No footnotes
Iran,Male,1999,740058.0,No footnotes
Iraq,Female,2005,153711.0,1.0
Iraq,Female,2004,149213.0,No footnotes
Iraq,Female,2002,108238.0,1.0
Iraq,Female,2000,98306.0,No footnotes
Iraq,Female,1999,92880.0,No footnotes
Iraq,Male,2005,271197.0,No footnotes
Iraq,Male,2004,263332.0,No footnotes
Iraq,Male,2002,209755.0,No footnotes
Iraq,Male,2000,190364.0,No footnotes
Iraq,Male,1999,178628.0,No footnotes
Ireland,Female,2005,102501.0,No footnotes
Ireland,Female,2004,103941.0,No footnotes
Ireland,Female,2003,101155.0,No footnotes
Ireland,Female,2002,97173.0,No footnotes
Ireland,Female,2001,91158.0,No footnotes
Ireland,Female,2000,86904.0,No footnotes
Ireland,Female,1999,80900.0,No footnotes
Ireland,Male,2005,84060.0,No footnotes
Ireland,Male,2004,84374.0,No footnotes
Ireland,Male,2003,80402.0,No footnotes
Ireland,Male,2002,79123.0,No footnotes
Ireland,Male,2001,75442.0,No footnotes
Ireland,Male,2000,73707.0,No footnotes
Ireland,Male,1999,70237.0,No footnotes
Israel,Female,2005,174092.0,No footnotes
Israel,Female,2004,168126.0,No footnotes
Israel,Female,2003,167738.0,No footnotes
Israel,Female,2002,169338.0,No footnotes
Israel,Female,2001,153654.0,No footnotes
Israel,Female,2000,146626.0,No footnotes
Israel,Female,1999,142182.0,No footnotes
Israel,Male,2005,136845.0,No footnotes
Israel,Male,2004,133101.0,No footnotes
Israel,Male,2003,133588.0,No footnotes
Israel,Male,2002,130378.0,No footnotes
Israel,Male,2001,117325.0,No footnotes
Israel,Male,2000,109265.0,No footnotes
Israel,Male,1999,104624.0,No footnotes
Italy,Female,2005,1139807.0,No footnotes
Italy,Female,2004,1116589.0,No footnotes
Italy,Female,2003,1076253.0,No footnotes
Italy,Female,2002,1042977.0,No footnotes
Italy,Female,2001,1014953.0,No footnotes
Italy,Female,2000,982668.0,No footnotes
Italy,Female,1999,991450.0,No footnotes
Italy,Male,2005,875191.0,No footnotes
Italy,Male,2004,869908.0,No footnotes
Italy,Male,2003,837099.0,No footnotes
Italy,Male,2002,811223.0,No footnotes
Italy,Male,2001,797372.0,No footnotes
Italy,Male,2000,787334.0,No footnotes
Italy,Male,1999,805791.0,No footnotes
Jamaica,Female,2003,32003.0,1.0
Jamaica,Female,2002,31249.0,No footnotes
Jamaica,Female,2001,28409.0,1.0
Jamaica,Female,2000,23408.0,No footnotes
Jamaica,Male,2003,13767.0,No footnotes
Jamaica,Male,2002,14145.0,No footnotes
Jamaica,Male,2001,14093.0,5.0
Jamaica,Male,2000,12587.0,No footnotes
Japan,Female,2005,1853130.0,No footnotes
Japan,Female,2004,1848396.0,No footnotes
Japan,Female,2003,1815521.0,No footnotes
Japan,Female,2002,1789881.0,No footnotes
Japan,Female,2001,1781996.0,No footnotes
Japan,Female,2000,1787068.0,No footnotes
Japan,Female,1999,1760494.0,No footnotes
Japan,Male,2005,2185172.0,No footnotes
Japan,Male,2004,2183208.0,No footnotes
Japan,Male,2003,2168879.0,No footnotes
Japan,Male,2002,2176786.0,No footnotes
Japan,Male,2001,2190472.0,No footnotes
Japan,Male,2000,2195001.0,No footnotes
Japan,Male,1999,2180262.0,No footnotes
Jordan,Female,2005,109528.0,No footnotes
Jordan,Female,2004,109692.0,No footnotes
Jordan,Female,2003,95056.0,No footnotes
Jordan,Female,2002,79582.0,No footnotes
Jordan,Female,2000,73098.0,No footnotes
Jordan,Male,2005,108295.0,No footnotes
Jordan,Male,2004,104414.0,No footnotes
Jordan,Male,2003,91133.0,No footnotes
Jordan,Male,2002,83106.0,No footnotes
Jordan,Male,2000,69092.0,No footnotes
Kazakhstan,Female,2005,437742.0,No footnotes
Kazakhstan,Female,2004,381704.0,No footnotes
Kazakhstan,Female,2003,341628.0,No footnotes
Kazakhstan,Female,2002,287144.0,No footnotes
Kazakhstan,Female,2001,241722.0,No footnotes
Kazakhstan,Female,2000,200067.0,No footnotes
Kazakhstan,Female,1999,172938.0,No footnotes
Kazakhstan,Male,2005,315439.0,No footnotes
Kazakhstan,Male,2004,282745.0,No footnotes
Kazakhstan,Male,2003,261444.0,No footnotes
Kazakhstan,Male,2002,232671.0,No footnotes
Kazakhstan,Male,2001,203929.0,No footnotes
Kazakhstan,Male,2000,170254.0,No footnotes
Kazakhstan,Male,1999,151011.0,No footnotes
Kenya,Female,2004,38584.0,No footnotes
Kenya,Female,2002,34186.0,1.0
Kenya,Female,2001,32972.0,No footnotes
Kenya,Female,2000,31266.0,No footnotes
Kenya,Male,2004,64214.0,No footnotes
Kenya,Male,2002,63929.0,No footnotes
Kenya,Male,2001,61657.0,No footnotes
Kenya,Male,2000,57750.0,No footnotes
Korea Rep,Female,2005,1188250.0,No footnotes
Korea Rep,Female,2004,1178285.0,No footnotes
Korea Rep,Female,2003,1168159.0,No footnotes
Korea Rep,Female,2002,1127541.0,No footnotes
Korea Rep,Female,2001,1070021.0,No footnotes
Korea Rep,Female,2000,998297.0,No footnotes
Korea Rep,Female,1999,923158.0,No footnotes
Korea Rep,Male,2005,2036625.0,No footnotes
Korea Rep,Male,2004,2045146.0,No footnotes
Korea Rep,Male,2003,2041983.0,No footnotes
Korea Rep,Male,2002,2002358.0,No footnotes
Korea Rep,Male,2001,1933477.0,No footnotes
Korea Rep,Male,2000,1839583.0,No footnotes
Korea Rep,Male,1999,1713230.0,No footnotes
Kuwait,Female,2005,27127.0,No footnotes
Kuwait,Female,2004,23701.0,1.0
Kuwait,Female,2003,23955.0,No footnotes
Kuwait,Female,2002,23414.0,No footnotes
Kuwait,Female,2001,22002.0,1.0
Kuwait,Female,1999,21867.0,1.0
Kuwait,Male,2005,11503.0,No footnotes
Kuwait,Male,2004,13165.0,No footnotes
Kuwait,Male,2003,13198.0,No footnotes
Kuwait,Male,2002,13568.0,No footnotes
Kuwait,Male,2001,12777.0,No footnotes
Kuwait,Male,1999,10453.0,No footnotes
Kyrgyzstan,Female,2005,121828.0,No footnotes
Kyrgyzstan,Female,2004,110868.0,No footnotes
Kyrgyzstan,Female,2003,108720.0,No footnotes
Kyrgyzstan,Female,2002,110875.0,No footnotes
Kyrgyzstan,Female,2001,96780.0,No footnotes
Kyrgyzstan,Female,2000,80469.0,No footnotes
Kyrgyzstan,Female,1999,66619.0,No footnotes
Kyrgyzstan,Male,2005,98632.0,No footnotes
Kyrgyzstan,Male,2004,94356.0,No footnotes
Kyrgyzstan,Male,2003,92408.0,No footnotes
Kyrgyzstan,Male,2002,98370.0,No footnotes
Kyrgyzstan,Male,2001,93728.0,No footnotes
Kyrgyzstan,Male,2000,80215.0,No footnotes
Kyrgyzstan,Male,1999,64603.0,No footnotes
Lao PDR,Female,2005,19523.0,No footnotes
Lao PDR,Female,2004,12815.0,No footnotes
Lao PDR,Female,2003,10053.0,No footnotes
Lao PDR,Female,2002,8201.0,2.0
Lao PDR,Female,2001,6117.0,No footnotes
Lao PDR,Female,2000,4798.0,No footnotes
Lao PDR,Female,1999,3880.0,No footnotes
Lao PDR,Male,2005,27901.0,No footnotes
Lao PDR,Male,2004,20945.0,No footnotes
Lao PDR,Male,2003,18064.0,No footnotes
Lao PDR,Male,2002,14817.0,No footnotes
Lao PDR,Male,2001,10628.0,No footnotes
Lao PDR,Male,2000,9351.0,No footnotes
Lao PDR,Male,1999,8196.0,No footnotes
Latvia,Female,2005,82575.0,No footnotes
Latvia,Female,2004,79473.0,No footnotes
Latvia,Female,2003,73403.0,No footnotes
Latvia,Female,2002,67991.0,No footnotes
Latvia,Female,2001,63524.0,No footnotes
Latvia,Female,2000,57850.0,No footnotes
Latvia,Female,1999,50539.0,No footnotes
Latvia,Male,2005,48131.0,No footnotes
Latvia,Male,2004,48183.0,No footnotes
Latvia,Male,2003,45541.0,No footnotes
Latvia,Male,2002,42509.0,No footnotes
Latvia,Male,2001,39259.0,No footnotes
Latvia,Male,2000,33387.0,No footnotes
Latvia,Male,1999,31503.0,No footnotes
Lebanon,Female,2005,87473.0,No footnotes
Lebanon,Female,2004,80837.0,No footnotes
Lebanon,Female,2003,77835.0,No footnotes
Lebanon,Female,2002,75687.0,No footnotes
Lebanon,Female,2001,69557.0,No footnotes
Lebanon,Female,2000,60007.0,No footnotes
Lebanon,Female,1999,56850.0,No footnotes
Lebanon,Male,2005,78257.0,No footnotes
Lebanon,Male,2004,73798.0,No footnotes
Lebanon,Male,2003,66215.0,No footnotes
Lebanon,Male,2002,67264.0,No footnotes
Lebanon,Male,2001,64461.0,No footnotes
Lebanon,Male,2000,56007.0,No footnotes
Lebanon,Male,1999,56172.0,No footnotes
Lesotho,Female,2005,4503.0,No footnotes
Lesotho,Female,2003,3745.0,No footnotes
Lesotho,Female,2002,2905.0,No footnotes
Lesotho,Female,2001,3158.0,No footnotes
Lesotho,Female,2000,2764.0,1.0
Lesotho,Female,1999,2579.0,No footnotes
Lesotho,Male,2005,3415.0,No footnotes
Lesotho,Male,2003,2363.0,No footnotes
Lesotho,Male,2002,2100.0,No footnotes
Lesotho,Male,2001,1818.0,No footnotes
Lesotho,Male,2000,1706.0,No footnotes
Lesotho,Male,1999,1467.0,No footnotes
Liberia,Female,2000,18871.0,No footnotes
Liberia,Female,1999,3987.0,No footnotes
Liberia,Male,2000,25236.0,No footnotes
Liberia,Male,1999,16817.0,No footnotes
Libya,Female,2003,192721.0,1.0
Libya,Female,2002,184624.0,No footnotes
Libya,Female,2001,162833.0,1.0
Libya,Female,2000,141041.0,No footnotes
Libya,Female,1999,149995.0,1.0
Libya,Male,2003,182307.0,No footnotes
Libya,Male,2002,174522.0,No footnotes
Libya,Male,2001,161770.0,No footnotes
Libya,Male,2000,149019.0,No footnotes
Libya,Male,1999,158479.0,5.0
Liechtenstein,Female,2004,142.0,No footnotes
Liechtenstein,Female,2003,119.0,No footnotes
Liechtenstein,Male,2004,390.0,No footnotes
Liechtenstein,Male,2003,321.0,No footnotes
Lithuania,Female,2005,117493.0,No footnotes
Lithuania,Female,2004,109592.0,No footnotes
Lithuania,Female,2003,100609.0,No footnotes
Lithuania,Female,2002,89947.0,No footnotes
Lithuania,Female,2001,81336.0,No footnotes
Lithuania,Female,2000,73092.0,No footnotes
Lithuania,Female,1999,64456.0,No footnotes
Lithuania,Male,2005,77912.0,No footnotes
Lithuania,Male,2004,73064.0,No footnotes
Lithuania,Male,2003,66997.0,No footnotes
Lithuania,Male,2002,58841.0,No footnotes
Lithuania,Male,2001,54587.0,No footnotes
Lithuania,Male,2000,48812.0,No footnotes
Lithuania,Male,1999,42963.0,No footnotes
Luxembourg,Female,2004,1609.0,1.0
Luxembourg,Female,2003,1640.0,No footnotes
Luxembourg,Female,2002,1566.0,1.0
Luxembourg,Female,2001,1346.0,No footnotes
Luxembourg,Female,2000,1259.0,1.0
Luxembourg,Female,1999,1404.0,No footnotes
Luxembourg,Male,2004,1433.0,No footnotes
Luxembourg,Male,2003,1437.0,No footnotes
Luxembourg,Male,2002,1399.0,5.0
Luxembourg,Male,2001,1187.0,No footnotes
Luxembourg,Male,2000,1178.0,5.0
Luxembourg,Male,1999,1313.0,No footnotes
Macau SAR,Female,2005,10019.0,No footnotes
Macau SAR,Female,2004,10054.0,No footnotes
Macau SAR,Female,2003,9589.0,No footnotes
Macau SAR,Female,2002,7533.0,No footnotes
Macau SAR,Female,2001,6236.0,No footnotes
Macau SAR,Female,2000,3883.0,No footnotes
Macau SAR,Female,1999,3450.0,No footnotes
Macau SAR,Male,2005,13401.0,No footnotes
Macau SAR,Male,2004,14761.0,No footnotes
Macau SAR,Male,2003,16683.0,No footnotes
Macau SAR,Male,2002,12887.0,No footnotes
Macau SAR,Male,2001,7760.0,No footnotes
Macau SAR,Male,2000,3588.0,No footnotes
Macau SAR,Male,1999,4008.0,No footnotes
Macedonia,Female,2005,27987.0,No footnotes
Macedonia,Female,2004,26594.0,No footnotes
Macedonia,Female,2003,25621.0,No footnotes
Macedonia,Female,2002,24691.0,No footnotes
Macedonia,Female,2001,22463.0,No footnotes
Macedonia,Female,2000,20325.0,No footnotes
Macedonia,Female,1999,19359.0,No footnotes
Macedonia,Male,2005,21377.0,No footnotes
Macedonia,Male,2004,20043.0,No footnotes
Macedonia,Male,2003,20003.0,No footnotes
Macedonia,Male,2002,20019.0,No footnotes
Macedonia,Male,2001,17783.0,No footnotes
Macedonia,Male,2000,16597.0,No footnotes
Macedonia,Male,1999,15782.0,No footnotes
Madagascar,Female,2005,21145.0,No footnotes
Madagascar,Female,2004,19945.0,No footnotes
Madagascar,Female,2003,17264.0,1.0
Madagascar,Female,2002,14785.0,No footnotes
Madagascar,Female,2001,14269.0,No footnotes
Madagascar,Female,2000,14860.0,No footnotes
Madagascar,Female,1999,14187.0,No footnotes
Madagascar,Male,2005,23803.0,No footnotes
Madagascar,Male,2004,22198.0,No footnotes
Madagascar,Male,2003,19988.0,No footnotes
Madagascar,Male,2002,17808.0,No footnotes
Madagascar,Male,2001,17117.0,No footnotes
Madagascar,Male,2000,17296.0,No footnotes
Madagascar,Male,1999,16826.0,No footnotes
Malawi,Female,2004,1798.0,No footnotes
Malawi,Female,2003,1332.0,No footnotes
Malawi,Female,1999,876.0,No footnotes
Malawi,Male,2004,3291.0,No footnotes
Malawi,Male,2003,3233.0,No footnotes
Malawi,Male,1999,2303.0,No footnotes
Malaysia,Female,2004,405040.0,No footnotes
Malaysia,Female,2003,415447.0,No footnotes
Malaysia,Female,2002,348239.0,No footnotes
Malaysia,Female,2001,302430.0,No footnotes
Malaysia,Female,2000,280078.0,No footnotes
Malaysia,Female,1999,236628.0,No footnotes
Malaysia,Male,2004,326037.0,No footnotes
Malaysia,Male,2003,310418.0,No footnotes
Malaysia,Male,2002,284070.0,No footnotes
Malaysia,Male,2001,254688.0,No footnotes
Malaysia,Male,2000,269127.0,No footnotes
Malaysia,Male,1999,236729.0,No footnotes
Maldives,Female,2004,51.0,1.0
Maldives,Female,2003,51.0,No footnotes
Maldives,Male,2004,22.0,No footnotes
Maldives,Male,2003,22.0,No footnotes
Mali,Female,2005,10259.0,1.0
Mali,Female,2004,9883.0,No footnotes
Mali,Female,2003,8028.0,1.0
Mali,Female,2002,7470.0,No footnotes
Mali,Female,2001,7214.0,No footnotes
Mali,Female,2000,6320.0,No footnotes
Mali,Female,1999,5885.0,No footnotes
Mali,Male,2005,22350.0,5.0
Mali,Male,2004,18695.0,No footnotes
Mali,Male,2003,17488.0,No footnotes
Mali,Male,2002,15162.0,No footnotes
Mali,Male,2001,14647.0,No footnotes
Mali,Male,2000,13431.0,No footnotes
Mali,Male,1999,12777.0,No footnotes
Malta,Female,2005,5319.0,No footnotes
Malta,Female,2004,4397.0,No footnotes
Malta,Female,2003,5097.0,No footnotes
Malta,Female,2002,4131.0,No footnotes
Malta,Female,2001,4068.0,No footnotes
Malta,Female,2000,3366.0,No footnotes
Malta,Female,1999,2969.0,No footnotes
Malta,Male,2005,4122.0,No footnotes
Malta,Male,2004,3470.0,No footnotes
Malta,Male,2003,3849.0,No footnotes
Malta,Male,2002,3128.0,No footnotes
Malta,Male,2001,3354.0,No footnotes
Malta,Male,2000,2949.0,No footnotes
Malta,Male,1999,2799.0,No footnotes
Marshall Islands,Female,2003,519.0,1.0
Marshall Islands,Female,2002,510.0,No footnotes
Marshall Islands,Female,2001,501.0,1.0
Marshall Islands,Male,2003,400.0,No footnotes
Marshall Islands,Male,2002,393.0,No footnotes
Marshall Islands,Male,2001,387.0,No footnotes
Mauritania,Female,2005,2150.0,No footnotes
Mauritania,Female,2004,2200.0,No footnotes
Mauritania,Female,2003,1916.0,2.0
Mauritania,Female,2002,1737.0,No footnotes
Mauritania,Female,2001,1517.0,No footnotes
Mauritania,Male,2005,6608.0,No footnotes
Mauritania,Male,2004,7092.0,No footnotes
Mauritania,Male,2003,7025.0,3.0
Mauritania,Male,2002,6436.0,No footnotes
Mauritania,Male,2001,7516.0,No footnotes
Mauritius,Female,2005,9313.0,No footnotes
Mauritius,Female,2004,10245.0,No footnotes
Mauritius,Female,2003,9714.0,No footnotes
Mauritius,Female,2002,7034.0,No footnotes
Mauritius,Female,2001,7098.0,No footnotes
Mauritius,Female,2000,3714.0,No footnotes
Mauritius,Female,1999,3488.0,No footnotes
Mauritius,Male,2005,7539.0,No footnotes
Mauritius,Male,2004,7536.0,No footnotes
Mauritius,Male,2003,7050.0,No footnotes
Mauritius,Male,2002,5568.0,No footnotes
Mauritius,Male,2001,5371.0,No footnotes
Mauritius,Male,2000,4542.0,No footnotes
Mauritius,Male,1999,4071.0,No footnotes
Mexico,Female,2005,1198441.0,No footnotes
Mexico,Female,2004,1160498.0,No footnotes
Mexico,Female,2003,1110494.0,No footnotes
Mexico,Female,2002,1059212.0,No footnotes
Mexico,Female,2001,1004462.0,No footnotes
Mexico,Female,2000,956218.0,No footnotes
Mexico,Female,1999,887653.0,No footnotes
Mexico,Male,2005,1186417.0,No footnotes
Mexico,Male,2004,1162283.0,No footnotes
Mexico,Male,2003,1126297.0,No footnotes
Mexico,Male,2002,1087863.0,No footnotes
Mexico,Male,2001,1043433.0,No footnotes
Mexico,Male,2000,1006545.0,No footnotes
Mexico,Male,1999,950231.0,No footnotes
Mongolia,Female,2005,76049.0,No footnotes
Mongolia,Female,2004,67184.0,No footnotes
Mongolia,Female,2003,61209.0,No footnotes
Mongolia,Female,2002,57096.0,No footnotes
Mongolia,Female,2001,53690.0,No footnotes
Mongolia,Female,2000,47248.0,No footnotes
Mongolia,Female,1999,42380.0,No footnotes
Mongolia,Male,2005,47775.0,No footnotes
Mongolia,Male,2004,41554.0,No footnotes
Mongolia,Male,2003,36822.0,No footnotes
Mongolia,Male,2002,33179.0,No footnotes
Mongolia,Male,2001,31280.0,No footnotes
Mongolia,Male,2000,26777.0,No footnotes
Mongolia,Male,1999,22892.0,No footnotes
Morocco,Female,2005,165556.0,No footnotes
Morocco,Female,2004,157047.0,No footnotes
Morocco,Female,2003,150686.0,No footnotes
Morocco,Female,2002,137927.0,1.0
Morocco,Female,2001,135641.0,No footnotes
Morocco,Female,2000,116898.0,No footnotes
Morocco,Female,1999,114157.0,No footnotes
Morocco,Male,2005,201323.0,No footnotes
Morocco,Male,2004,186552.0,No footnotes
Morocco,Male,2003,185069.0,No footnotes
Morocco,Male,2002,177416.0,No footnotes
Morocco,Male,2001,174617.0,No footnotes
Morocco,Male,2000,159477.0,No footnotes
Morocco,Male,1999,159026.0,No footnotes
Mozambique,Female,2005,9376.0,No footnotes
Mozambique,Female,2004,7026.0,No footnotes
Mozambique,Female,2003,5538.0,No footnotes
Mozambique,Male,2005,18922.0,No footnotes
Mozambique,Male,2004,15230.0,No footnotes
Mozambique,Male,2003,11687.0,No footnotes
Myanmar,Female,2001,351104.0,1.0
Myanmar,Female,1999,205252.0,1.0
Myanmar,Male,2001,202352.0,5.0
Myanmar,Male,1999,130245.0,No footnotes
Namibia,Female,2004,6488.0,No footnotes
Namibia,Female,2003,6271.0,No footnotes
Namibia,Female,2002,6384.0,No footnotes
Namibia,Female,2001,6087.0,No footnotes
Namibia,Male,2004,5709.0,No footnotes
Namibia,Male,2003,5517.0,No footnotes
Namibia,Male,2002,4646.0,No footnotes
Namibia,Male,2001,7252.0,No footnotes
Nepal,Female,2004,40577.0,No footnotes
Nepal,Female,2003,30121.0,No footnotes
Nepal,Female,2002,24646.0,No footnotes
Nepal,Female,2001,21333.0,1.0
Nepal,Female,2000,26001.0,No footnotes
Nepal,Male,2004,106546.0,No footnotes
Nepal,Male,2003,94696.0,No footnotes
Nepal,Male,2002,95024.0,No footnotes
Nepal,Male,2001,81957.0,5.0
Nepal,Male,2000,68400.0,No footnotes
Netherlands,Female,2005,288081.0,No footnotes
Netherlands,Female,2004,276553.0,No footnotes
Netherlands,Female,2003,268716.0,No footnotes
Netherlands,Female,2002,262004.0,No footnotes
Netherlands,Female,2001,254539.0,No footnotes
Netherlands,Female,2000,243634.0,No footnotes
Netherlands,Female,1999,231629.0,No footnotes
Netherlands,Male,2005,276902.0,No footnotes
Netherlands,Male,2004,266843.0,No footnotes
Netherlands,Male,2003,258051.0,No footnotes
Netherlands,Male,2002,254765.0,No footnotes
Netherlands,Male,2001,249503.0,No footnotes
Netherlands,Male,2000,244015.0,No footnotes
Netherlands,Male,1999,238256.0,No footnotes
Netherlands Antilles,Female,2002,1364.0,No footnotes
Netherlands Antilles,Female,2001,1405.0,No footnotes
Netherlands Antilles,Female,2000,1422.0,No footnotes
Netherlands Antilles,Female,1999,1234.0,No footnotes
Netherlands Antilles,Male,2002,921.0,No footnotes
Netherlands Antilles,Male,2001,1028.0,No footnotes
Netherlands Antilles,Male,2000,1139.0,No footnotes
Netherlands Antilles,Male,1999,1086.0,No footnotes
New Zealand,Female,2005,140941.0,No footnotes
New Zealand,Female,2004,142224.0,No footnotes
New Zealand,Female,2003,114480.0,No footnotes
New Zealand,Female,2002,108843.0,No footnotes
New Zealand,Female,2001,104148.0,No footnotes
New Zealand,Female,2000,101084.0,No footnotes
New Zealand,Female,1999,98733.0,No footnotes
New Zealand,Male,2005,99042.0,No footnotes
New Zealand,Male,2004,101201.0,No footnotes
New Zealand,Male,2003,81031.0,No footnotes
New Zealand,Male,2002,76256.0,No footnotes
New Zealand,Male,2001,73486.0,No footnotes
New Zealand,Male,2000,70878.0,No footnotes
New Zealand,Male,1999,68575.0,No footnotes
Nicaragua,Female,2003,53992.0,1.0
Nicaragua,Female,2002,52349.0,No footnotes
Nicaragua,Female,2001,50323.0,1.0
Nicaragua,Male,2003,49585.0,No footnotes
Nicaragua,Male,2002,48014.0,No footnotes
Nicaragua,Male,2001,46156.0,No footnotes
Niger,Female,2005,3192.0,No footnotes
Niger,Female,2004,2406.0,No footnotes
Niger,Female,2003,2357.0,1.0
Niger,Male,2005,7607.0,No footnotes
Niger,Male,2004,6368.0,No footnotes
Niger,Male,2003,6239.0,No footnotes
Nigeria,Female,2004,445615.0,No footnotes
Nigeria,Female,2003,426460.0,1.0
Nigeria,Female,1999,302016.0,No footnotes
Nigeria,Male,2004,844041.0,No footnotes
Nigeria,Male,2003,807759.0,No footnotes
Nigeria,Male,1999,397093.0,No footnotes
Norway,Female,2005,127456.0,No footnotes
Norway,Female,2004,127417.0,No footnotes
Norway,Female,2003,126877.0,No footnotes
Norway,Female,2002,117545.0,No footnotes
Norway,Female,2001,112603.0,No footnotes
Norway,Female,2000,111552.0,No footnotes
Norway,Female,1999,107609.0,No footnotes
Norway,Male,2005,86484.0,No footnotes
Norway,Male,2004,86428.0,No footnotes
Norway,Male,2003,85518.0,No footnotes
Norway,Male,2002,79519.0,No footnotes
Norway,Male,2001,77451.0,No footnotes
Norway,Male,2000,79391.0,No footnotes
Norway,Male,1999,79873.0,No footnotes
Oman,Female,2005,24641.0,No footnotes
Oman,Female,2004,21555.0,No footnotes
Oman,Female,2003,15290.0,No footnotes
Oman,Female,2002,14827.0,1.0
Oman,Male,2005,23842.0,No footnotes
Oman,Male,2004,20023.0,No footnotes
Oman,Male,2003,21536.0,No footnotes
Oman,Male,2002,21377.0,No footnotes
Pakistan,Female,2005,353251.0,No footnotes
Pakistan,Female,2004,222355.0,No footnotes
Pakistan,Female,2003,173094.0,No footnotes
Pakistan,Female,2002,166379.0,1.0
Pakistan,Male,2005,429370.0,No footnotes
Pakistan,Male,2004,298311.0,No footnotes
Pakistan,Male,2003,227962.0,No footnotes
Pakistan,Male,2002,219127.0,No footnotes
Palau,Female,2002,307.0,1.0
Palau,Female,2001,305.0,No footnotes
Palau,Female,2000,412.0,1.0
Palau,Male,2002,177.0,No footnotes
Palau,Male,2001,175.0,No footnotes
Palau,Male,2000,185.0,No footnotes
"Palestinian Territory, Occupied",Female,2005,63006.0,1.0
"Palestinian Territory, Occupied",Female,2004,60337.0,No footnotes
"Palestinian Territory, Occupied",Female,2003,51747.0,No footnotes
"Palestinian Territory, Occupied",Female,2002,42612.0,No footnotes
"Palestinian Territory, Occupied",Female,2001,38194.0,No footnotes
"Palestinian Territory, Occupied",Female,2000,33123.0,No footnotes
"Palestinian Territory, Occupied",Female,1999,30201.0,No footnotes
"Palestinian Territory, Occupied",Male,2005,64208.0,No footnotes
"Palestinian Territory, Occupied",Male,2004,61591.0,No footnotes
"Palestinian Territory, Occupied",Male,2003,52820.0,No footnotes
"Palestinian Territory, Occupied",Male,2002,46318.0,No footnotes
"Palestinian Territory, Occupied",Male,2001,42349.0,No footnotes
"Palestinian Territory, Occupied",Male,2000,38084.0,No footnotes
"Palestinian Territory, Occupied",Male,1999,36081.0,No footnotes
Panama,Female,2005,77200.0,No footnotes
Panama,Female,2004,79211.0,No footnotes
Panama,Female,2003,78790.0,No footnotes
Panama,Female,2002,73073.0,No footnotes
Panama,Female,2001,73544.0,No footnotes
Panama,Female,2000,73624.0,No footnotes
Panama,Female,1999,66055.0,No footnotes
Panama,Male,2005,49042.0,No footnotes
Panama,Male,2004,49347.0,No footnotes
Panama,Male,2003,51236.0,No footnotes
Panama,Male,2002,44528.0,No footnotes
Panama,Male,2001,44320.0,No footnotes
Panama,Male,2000,44878.0,No footnotes
Panama,Male,1999,42709.0,No footnotes
Papua New Guinea,Female,1999,3498.0,1.0
Papua New Guinea,Male,1999,6445.0,No footnotes
Paraguay,Female,2004,84333.0,1.0
Paraguay,Female,2003,82337.0,1.0
Paraguay,Female,2002,84569.0,1.0
Paraguay,Female,2001,55274.0,No footnotes
Paraguay,Female,2000,47299.0,No footnotes
Paraguay,Female,1999,37794.0,No footnotes
Paraguay,Male,2004,64787.0,No footnotes
Paraguay,Male,2003,61576.0,No footnotes
Paraguay,Male,2002,62323.0,No footnotes
Paraguay,Male,2001,41324.0,No footnotes
Paraguay,Male,2000,35789.0,No footnotes
Paraguay,Male,1999,28271.0,No footnotes
Peru,Female,2005,454510.0,1.0
Peru,Female,2004,447983.0,1.0
Peru,Female,2003,429269.0,1.0
Peru,Female,2002,424788.0,1.0
Peru,Female,2001,401910.0,1.0
Peru,Male,2005,454805.0,No footnotes
Peru,Male,2004,448518.0,No footnotes
Peru,Male,2003,410315.0,No footnotes
Peru,Male,2002,406557.0,No footnotes
Peru,Male,2001,422085.0,No footnotes
Philippines,Female,2005,1302154.0,No footnotes
Philippines,Female,2004,1335692.0,No footnotes
Philippines,Female,2003,1341325.0,No footnotes
Philippines,Female,2002,1370942.0,No footnotes
Philippines,Female,1999,1213477.0,No footnotes
Philippines,Male,2005,1100495.0,No footnotes
Philippines,Male,2004,1085305.0,No footnotes
Philippines,Male,2003,1085886.0,No footnotes
Philippines,Male,2002,1096325.0,No footnotes
Philippines,Male,1999,995158.0,No footnotes
Poland,Female,2005,1218072.0,No footnotes
Poland,Female,2004,1176520.0,No footnotes
Poland,Female,2003,1146643.0,No footnotes
Poland,Female,2002,1103711.0,No footnotes
Poland,Female,2001,1029892.0,No footnotes
Poland,Female,2000,908773.0,No footnotes
Poland,Female,1999,797735.0,No footnotes
Poland,Male,2005,900009.0,No footnotes
Poland,Male,2004,867778.0,No footnotes
Poland,Male,2003,836717.0,No footnotes
Poland,Male,2002,802557.0,No footnotes
Poland,Male,2001,745093.0,No footnotes
Poland,Male,2000,670798.0,No footnotes
Poland,Male,1999,601355.0,No footnotes
Portugal,Female,2005,212053.0,No footnotes
Portugal,Female,2004,221496.0,No footnotes
Portugal,Female,2003,226860.0,No footnotes
Portugal,Female,2002,226113.0,No footnotes
Portugal,Female,2001,221042.0,No footnotes
Portugal,Female,2000,211221.0,No footnotes
Portugal,Female,1999,199444.0,No footnotes
Portugal,Male,2005,168884.0,No footnotes
Portugal,Male,2004,173567.0,No footnotes
Portugal,Male,2003,173971.0,No footnotes
Portugal,Male,2002,170488.0,No footnotes
Portugal,Male,2001,166661.0,No footnotes
Portugal,Male,2000,162524.0,No footnotes
Portugal,Male,1999,157346.0,No footnotes
Qatar,Female,2005,6641.0,No footnotes
Qatar,Female,2004,6633.0,No footnotes
Qatar,Female,2003,5696.0,No footnotes
Qatar,Female,2002,5678.0,No footnotes
Qatar,Female,2001,5718.0,No footnotes
Qatar,Female,1999,6380.0,1.0
Qatar,Male,2005,3119.0,No footnotes
Qatar,Male,2004,2654.0,No footnotes
Qatar,Male,2003,2130.0,No footnotes
Qatar,Male,2002,2153.0,No footnotes
Qatar,Male,2001,2090.0,No footnotes
Qatar,Male,1999,2500.0,No footnotes
Republic of Moldova,Female,2005,70046.0,No footnotes
Republic of Moldova,Female,2004,72440.0,No footnotes
Republic of Moldova,Female,2003,64405.0,No footnotes
Republic of Moldova,Female,2002,61022.0,No footnotes
Republic of Moldova,Female,2001,57277.0,No footnotes
Republic of Moldova,Female,2000,58491.0,No footnotes
Republic of Moldova,Female,1999,57916.0,No footnotes
Republic of Moldova,Male,2005,48482.0,No footnotes
Republic of Moldova,Male,2004,54445.0,No footnotes
Republic of Moldova,Male,2003,49833.0,No footnotes
Republic of Moldova,Male,2002,46709.0,No footnotes
Republic of Moldova,Male,2001,45548.0,No footnotes
Republic of Moldova,Male,2000,45453.0,No footnotes
Republic of Moldova,Male,1999,45756.0,No footnotes
Romania,Female,2005,403697.0,No footnotes
Romania,Female,2004,375691.0,No footnotes
Romania,Female,2003,349673.0,No footnotes
Romania,Female,2002,316443.0,No footnotes
Romania,Female,2001,285305.0,No footnotes
Romania,Female,2000,234572.0,No footnotes
Romania,Female,1999,208046.0,No footnotes
Romania,Male,2005,335109.0,No footnotes
Romania,Male,2004,310027.0,No footnotes
Romania,Male,2003,294238.0,No footnotes
Romania,Male,2002,265778.0,No footnotes
Romania,Male,2001,247847.0,No footnotes
Romania,Male,2000,218049.0,No footnotes
Romania,Male,1999,199674.0,No footnotes
Russian Federation,Female,2005,5144099.0,1.0
Russian Federation,Female,2004,4914593.0,1.0
Russian Federation,Female,2003,4608839.0,1.0
Russian Federation,Male,2005,3875457.0,No footnotes
Russian Federation,Male,2004,3707504.0,No footnotes
Russian Federation,Male,2003,3506466.0,No footnotes
Rwanda,Female,2005,10295.0,1.0
Rwanda,Female,2004,9865.0,No footnotes
Rwanda,Female,2003,7497.0,No footnotes
Rwanda,Female,2002,5443.0,No footnotes
Rwanda,Female,2001,4309.0,No footnotes
Rwanda,Female,2000,3914.0,1.0
Rwanda,Male,2005,16083.0,No footnotes
Rwanda,Male,2004,15368.0,No footnotes
Rwanda,Male,2003,12896.0,No footnotes
Rwanda,Male,2002,10497.0,No footnotes
Rwanda,Male,2001,8493.0,No footnotes
Rwanda,Male,2000,7714.0,No footnotes
Saint Lucia,Female,2005,1621.0,No footnotes
Saint Lucia,Female,2004,1777.0,No footnotes
Saint Lucia,Female,2003,1388.0,1.0
Saint Lucia,Male,2005,576.0,No footnotes
Saint Lucia,Male,2004,508.0,No footnotes
Saint Lucia,Male,2003,663.0,No footnotes
Samoa,Female,2001,523.0,1.0
Samoa,Female,2000,524.0,No footnotes
Samoa,Female,1999,888.0,No footnotes
Samoa,Male,2001,656.0,No footnotes
Samoa,Male,2000,658.0,No footnotes
Samoa,Male,1999,983.0,No footnotes
San Marino,Female,2000,545.0,No footnotes
San Marino,Male,2000,397.0,No footnotes
Saudi Arabia,Female,2005,350549.0,No footnotes
Saudi Arabia,Female,2004,336862.0,No footnotes
Saudi Arabia,Female,2003,305988.0,No footnotes
Saudi Arabia,Female,2002,261327.0,1.0
Saudi Arabia,Female,2001,237296.0,1.0
Saudi Arabia,Female,2000,225995.0,No footnotes
Saudi Arabia,Female,1999,199217.0,No footnotes
Saudi Arabia,Male,2005,253122.0,No footnotes
Saudi Arabia,Male,2004,236870.0,No footnotes
Saudi Arabia,Male,2003,219356.0,No footnotes
Saudi Arabia,Male,2002,183473.0,No footnotes
Saudi Arabia,Male,2001,195052.0,No footnotes
Saudi Arabia,Male,2000,178099.0,No footnotes
Saudi Arabia,Male,1999,150382.0,No footnotes
Serbia and Montenegro,Female,2001,112072.0,No footnotes
Serbia and Montenegro,Female,2000,123534.0,No footnotes
Serbia and Montenegro,Female,1999,105638.0,No footnotes
Serbia and Montenegro,Male,2001,96617.0,No footnotes
Serbia and Montenegro,Male,2000,109509.0,No footnotes
Serbia and Montenegro,Male,1999,91772.0,No footnotes
Sierra Leone,Female,2002,2602.0,1.0
Sierra Leone,Female,2001,2531.0,No footnotes
Sierra Leone,Male,2002,6439.0,No footnotes
Sierra Leone,Male,2001,6264.0,No footnotes
Slovakia,Female,2005,100334.0,No footnotes
Slovakia,Female,2004,89024.0,No footnotes
Slovakia,Female,2003,83873.0,No footnotes
Slovakia,Female,2002,79263.0,No footnotes
Slovakia,Female,2001,73809.0,No footnotes
Slovakia,Female,2000,68490.0,No footnotes
Slovakia,Female,1999,63535.0,No footnotes
Slovakia,Male,2005,81085.0,No footnotes
Slovakia,Male,2004,75643.0,No footnotes
Slovakia,Male,2003,74216.0,No footnotes
Slovakia,Male,2002,72919.0,No footnotes
Slovakia,Male,2001,70100.0,No footnotes
Slovakia,Male,2000,67424.0,No footnotes
Slovakia,Male,1999,59351.0,No footnotes
Slovenia,Female,2005,64885.0,No footnotes
Slovenia,Female,2004,59367.0,No footnotes
Slovenia,Female,2003,57037.0,No footnotes
Slovenia,Female,2002,57085.0,No footnotes
Slovenia,Female,2001,51323.0,No footnotes
Slovenia,Female,2000,47010.0,No footnotes
Slovenia,Female,1999,44341.0,No footnotes
Slovenia,Male,2005,47343.0,No footnotes
Slovenia,Male,2004,45029.0,No footnotes
Slovenia,Male,2003,44421.0,No footnotes
Slovenia,Male,2002,42129.0,No footnotes
Slovenia,Male,2001,40171.0,No footnotes
Slovenia,Male,2000,36806.0,No footnotes
Slovenia,Male,1999,34785.0,No footnotes
South Africa,Female,2005,401042.0,No footnotes
South Africa,Female,2004,403462.0,No footnotes
South Africa,Female,2003,385857.0,No footnotes
South Africa,Female,2002,362427.0,No footnotes
South Africa,Female,2001,352133.0,No footnotes
South Africa,Female,2000,356631.0,No footnotes
South Africa,Female,1999,340893.0,No footnotes
South Africa,Male,2005,334031.0,No footnotes
South Africa,Male,2004,341027.0,No footnotes
South Africa,Male,2003,331936.0,No footnotes
South Africa,Male,2002,312733.0,No footnotes
South Africa,Male,2001,306455.0,No footnotes
South Africa,Male,2000,288132.0,No footnotes
South Africa,Male,1999,292018.0,No footnotes
Spain,Female,2005,972119.0,No footnotes
Spain,Female,2004,990306.0,No footnotes
Spain,Female,2003,978081.0,No footnotes
Spain,Female,2002,974039.0,No footnotes
Spain,Female,2001,961984.0,No footnotes
Spain,Female,2000,968189.0,No footnotes
Spain,Female,1999,947621.0,No footnotes
Spain,Male,2005,837234.0,No footnotes
Spain,Male,2004,849597.0,No footnotes
Spain,Male,2003,862526.0,No footnotes
Spain,Male,2002,858721.0,No footnotes
Spain,Male,2001,871543.0,No footnotes
Spain,Male,2000,860798.0,No footnotes
Spain,Male,1999,839157.0,No footnotes
Sudan,Female,2000,96310.0,1.0
Sudan,Female,1999,94654.0,No footnotes
Sudan,Male,2000,107804.0,No footnotes
Sudan,Male,1999,105884.0,No footnotes
Suriname,Female,2002,3213.0,No footnotes
Suriname,Male,2002,1973.0,No footnotes
Swaziland,Female,2005,3064.0,No footnotes
Swaziland,Female,2004,3458.0,No footnotes
Swaziland,Female,2003,2923.0,1.0
Swaziland,Female,2002,2835.0,No footnotes
Swaziland,Female,2000,2299.0,No footnotes
Swaziland,Female,1999,2337.0,No footnotes
Swaziland,Male,2005,2833.0,No footnotes
Swaziland,Male,2004,3136.0,No footnotes
Swaziland,Male,2003,2446.0,No footnotes
Swaziland,Male,2002,2358.0,No footnotes
Swaziland,Male,2000,2439.0,No footnotes
Swaziland,Male,1999,2543.0,No footnotes
Sweden,Female,2005,254325.0,No footnotes
Sweden,Female,2004,255853.0,No footnotes
Sweden,Female,2003,247091.0,No footnotes
Sweden,Female,2002,227682.0,No footnotes
Sweden,Female,2001,211468.0,No footnotes
Sweden,Female,2000,201962.0,No footnotes
Sweden,Female,1999,192961.0,No footnotes
Sweden,Male,2005,172398.0,No footnotes
Sweden,Male,2004,173770.0,No footnotes
Sweden,Male,2003,167566.0,No footnotes
Sweden,Male,2002,155169.0,No footnotes
Sweden,Male,2001,146552.0,No footnotes
Sweden,Male,2000,144916.0,No footnotes
Sweden,Male,1999,142163.0,No footnotes
Switzerland,Female,2005,91945.0,No footnotes
Switzerland,Female,2004,88067.0,No footnotes
Switzerland,Female,2003,82258.0,No footnotes
Switzerland,Female,2002,73589.0,No footnotes
Switzerland,Female,2001,69747.0,No footnotes
Switzerland,Female,2000,66886.0,No footnotes
Switzerland,Female,1999,65235.0,No footnotes
Switzerland,Male,2005,107751.0,No footnotes
Switzerland,Male,2004,107880.0,No footnotes
Switzerland,Male,2003,103707.0,No footnotes
Switzerland,Male,2002,96496.0,No footnotes
Switzerland,Male,2001,93626.0,No footnotes
Switzerland,Male,2000,89993.0,No footnotes
Switzerland,Male,1999,91155.0,No footnotes
Tajikistan,Female,2005,30947.0,No footnotes
Tajikistan,Female,2004,26924.0,No footnotes
Tajikistan,Female,2003,24348.0,No footnotes
Tajikistan,Female,2002,20854.0,No footnotes
Tajikistan,Female,2001,18742.0,No footnotes
Tajikistan,Female,2000,20122.0,No footnotes
Tajikistan,Female,1999,19403.0,No footnotes
Tajikistan,Male,2005,88370.0,No footnotes
Tajikistan,Male,2004,81532.0,No footnotes
Tajikistan,Male,2003,73118.0,No footnotes
Tajikistan,Male,2002,64317.0,No footnotes
Tajikistan,Male,2001,59798.0,No footnotes
Tajikistan,Male,2000,59856.0,No footnotes
Tajikistan,Male,1999,56890.0,No footnotes
Tanzania,Female,2005,16548.0,1.0
Tanzania,Female,2004,12527.0,No footnotes
Tanzania,Female,2003,9535.0,No footnotes
Tanzania,Female,2002,6225.0,1.0
Tanzania,Female,2001,2914.0,No footnotes
Tanzania,Female,1999,3970.0,No footnotes
Tanzania,Male,2005,34532.0,No footnotes
Tanzania,Male,2004,30421.0,No footnotes
Tanzania,Male,2003,21514.0,No footnotes
Tanzania,Male,2002,20280.0,No footnotes
Tanzania,Male,2001,19046.0,No footnotes
Tanzania,Male,1999,14897.0,No footnotes
Thailand,Female,2005,1235685.0,No footnotes
Thailand,Female,2004,1208040.0,No footnotes
Thailand,Female,2003,1166995.0,1.0
Thailand,Female,2002,1122232.0,No footnotes
Thailand,Female,2001,1102962.0,No footnotes
Thailand,Female,2000,1028234.0,No footnotes
Thailand,Female,1999,968515.0,No footnotes
Thailand,Male,2005,1123442.0,No footnotes
Thailand,Male,2004,1043413.0,No footnotes
Thailand,Male,2003,1038586.0,No footnotes
Thailand,Male,2002,1033102.0,No footnotes
Thailand,Male,2001,992732.0,No footnotes
Thailand,Male,2000,872038.0,No footnotes
Thailand,Male,1999,845581.0,No footnotes
Timor Leste,Female,2002,3357.0,2.0
Timor Leste,Male,2002,2992.0,No footnotes
Togo,Female,2001,3119.0,1.0
Togo,Female,2000,2564.0,No footnotes
Togo,Female,1999,2615.0,No footnotes
Togo,Male,2001,15336.0,No footnotes
Togo,Male,2000,12607.0,No footnotes
Togo,Male,1999,12413.0,No footnotes
Tonga,Female,2004,393.0,1.0
Tonga,Female,2003,404.0,No footnotes
Tonga,Female,2002,363.0,1.0
Tonga,Female,2001,274.0,1.0
Tonga,Female,2000,318.0,1.0
Tonga,Female,1999,200.0,No footnotes
Tonga,Male,2004,264.0,No footnotes
Tonga,Male,2003,264.0,No footnotes
Tonga,Male,2002,237.0,5.0
Tonga,Male,2001,179.0,5.0
Tonga,Male,2000,208.0,5.0
Tonga,Male,1999,164.0,No footnotes
Trinidad and Tobago,Female,2005,9405.0,1.0
Trinidad and Tobago,Female,2004,9285.0,No footnotes
Trinidad and Tobago,Female,2003,7520.0,No footnotes
Trinidad and Tobago,Female,2002,5809.0,No footnotes
Trinidad and Tobago,Female,2001,5167.0,No footnotes
Trinidad and Tobago,Female,2000,4588.0,No footnotes
Trinidad and Tobago,Female,1999,4347.0,No footnotes
Trinidad and Tobago,Male,2005,7515.0,No footnotes
Trinidad and Tobago,Male,2004,7466.0,No footnotes
Trinidad and Tobago,Male,2003,4796.0,No footnotes
Trinidad and Tobago,Male,2002,4058.0,No footnotes
Trinidad and Tobago,Male,2001,3447.0,No footnotes
Trinidad and Tobago,Male,2000,3149.0,No footnotes
Trinidad and Tobago,Male,1999,3225.0,No footnotes
Tunisia,Female,2005,178312.0,No footnotes
Tunisia,Female,2004,164896.0,No footnotes
Tunisia,Female,2003,144674.0,No footnotes
Tunisia,Female,2002,121809.0,No footnotes
Tunisia,Female,2001,99855.0,1.0
Tunisia,Female,1999,76071.0,1.0
Tunisia,Male,2005,133257.0,No footnotes
Tunisia,Male,2004,126946.0,No footnotes
Tunisia,Male,2003,118740.0,No footnotes
Tunisia,Male,2002,104293.0,No footnotes
Tunisia,Male,2001,107533.0,5.0
Tunisia,Male,1999,81408.0,No footnotes
Turkey,Female,2005,881919.0,No footnotes
Turkey,Female,2004,816602.0,No footnotes
Turkey,Female,2003,810630.0,No footnotes
Turkey,Female,2002,694372.0,No footnotes
Turkey,Female,2001,656005.0,No footnotes
Turkey,Female,2000,629734.0,1.0
Turkey,Female,1999,580596.0,No footnotes
Turkey,Male,2005,1224432.0,No footnotes
Turkey,Male,2004,1156060.0,No footnotes
Turkey,Male,2003,1107853.0,No footnotes
Turkey,Male,2002,983564.0,No footnotes
Turkey,Male,2001,951383.0,No footnotes
Turkey,Male,2000,958633.0,No footnotes
Turkey,Male,1999,884144.0,No footnotes
Uganda,Female,2004,33914.0,No footnotes
Uganda,Female,2003,25538.0,1.0
Uganda,Female,2002,24659.0,1.0
Uganda,Female,2001,21575.0,No footnotes
Uganda,Female,2000,18877.0,No footnotes
Uganda,Female,1999,14005.0,1.0
Uganda,Male,2004,54446.0,No footnotes
Uganda,Male,2003,48552.0,No footnotes
Uganda,Male,2002,46885.0,No footnotes
Uganda,Male,2001,41011.0,No footnotes
Uganda,Male,2000,36890.0,No footnotes
Uganda,Male,1999,26586.0,5.0
Ukraine,Female,2005,1408242.0,No footnotes
Ukraine,Female,2004,1329142.0,2.0
Ukraine,Female,2003,1235249.0,2.0
Ukraine,Female,2002,1139384.0,2.0
Ukraine,Female,2001,1034902.0,No footnotes
Ukraine,Female,2000,952272.0,No footnotes
Ukraine,Female,1999,915837.0,No footnotes
Ukraine,Male,2005,1196633.0,No footnotes
Ukraine,Male,2004,1135932.0,3.0
Ukraine,Male,2003,1060972.0,3.0
Ukraine,Male,2002,995292.0,3.0
Ukraine,Male,2001,915853.0,No footnotes
Ukraine,Male,2000,859266.0,No footnotes
Ukraine,Male,1999,821162.0,No footnotes
United Arab Emirates,Female,2003,45220.0,1.0
United Arab Emirates,Female,2002,42134.0,1.0
United Arab Emirates,Female,2001,39048.0,1.0
United Arab Emirates,Female,2000,29782.0,1.0
United Arab Emirates,Female,1999,27140.0,1.0
United Arab Emirates,Male,2003,22962.0,No footnotes
United Arab Emirates,Male,2002,21285.0,No footnotes
United Arab Emirates,Male,2001,19608.0,No footnotes
United Arab Emirates,Male,2000,13677.0,No footnotes
United Arab Emirates,Male,1999,13233.0,No footnotes
United Kingdom,Female,2005,1308362.0,No footnotes
United Kingdom,Female,2004,1282015.0,No footnotes
United Kingdom,Female,2003,1278980.0,No footnotes
United Kingdom,Female,2002,1237795.0,No footnotes
United Kingdom,Female,2001,1127606.0,No footnotes
United Kingdom,Female,2000,1091854.0,No footnotes
United Kingdom,Female,1999,1106973.0,No footnotes
United Kingdom,Male,2005,979179.0,No footnotes
United Kingdom,Male,2004,965426.0,No footnotes
United Kingdom,Male,2003,1008853.0,No footnotes
United Kingdom,Male,2002,1002885.0,No footnotes
United Kingdom,Male,2001,939743.0,No footnotes
United Kingdom,Male,2000,932284.0,No footnotes
United Kingdom,Male,1999,973987.0,No footnotes
United States of America,Female,2005,9884782.0,No footnotes
United States of America,Female,2004,9644920.0,No footnotes
United States of America,Female,2003,9409595.0,No footnotes
United States of America,Female,2002,8967172.0,No footnotes
United States of America,Female,2001,7596436.0,No footnotes
United States of America,Female,2000,7362121.0,No footnotes
United States of America,Female,1999,7663037.0,1.0
United States of America,Male,2005,7387262.0,No footnotes
United States of America,Male,2004,7255551.0,No footnotes
United States of America,Male,2003,7202116.0,No footnotes
United States of America,Male,2002,6960815.0,No footnotes
United States of America,Male,2001,5999144.0,No footnotes
United States of America,Male,2000,5840759.0,No footnotes
United States of America,Male,1999,6106325.0,5.0
Uruguay,Female,2004,68422.0,1.0
Uruguay,Female,2003,67181.0,1.0
Uruguay,Female,2002,64375.0,1.0
Uruguay,Female,2001,61720.0,1.0
Uruguay,Female,2000,62473.0,1.0
Uruguay,Female,1999,57495.0,1.0
Uruguay,Male,2004,35009.0,No footnotes
Uruguay,Male,2003,34117.0,No footnotes
Uruguay,Male,2002,34145.0,No footnotes
Uruguay,Male,2001,35137.0,No footnotes
Uruguay,Male,2000,35168.0,No footnotes
Uruguay,Male,1999,33780.0,No footnotes
Uzbekistan,Female,2004,178904.0,1.0
Uzbekistan,Female,2003,173033.0,No footnotes
Uzbekistan,Female,2002,167191.0,1.0
Uzbekistan,Male,2004,228678.0,No footnotes
Uzbekistan,Male,2003,220877.0,No footnotes
Uzbekistan,Male,2002,213432.0,No footnotes
Vanuatu,Female,2004,345.0,1.0
Vanuatu,Female,2003,331.0,No footnotes
Vanuatu,Female,2002,317.0,1.0
Vanuatu,Male,2004,610.0,No footnotes
Vanuatu,Male,2003,583.0,No footnotes
Vanuatu,Male,2002,578.0,5.0
Venezuela,Female,2003,501678.0,1.0
Venezuela,Female,2002,476453.0,1.0
Venezuela,Female,2000,391644.0,No footnotes
Venezuela,Male,2003,481539.0,No footnotes
Venezuela,Male,2002,451382.0,5.0
Venezuela,Male,2000,276465.0,No footnotes
Vietnam,Female,2005,554356.0,No footnotes
Vietnam,Female,2004,543931.0,1.0
Vietnam,Female,2003,356609.0,No footnotes
Vietnam,Female,2002,335859.0,No footnotes
Vietnam,Female,2001,315150.0,No footnotes
Vietnam,Female,2000,304913.0,No footnotes
Vietnam,Female,1999,347629.0,No footnotes
Vietnam,Male,2005,800187.0,No footnotes
Vietnam,Male,2004,784554.0,No footnotes
Vietnam,Male,2003,472850.0,No footnotes
Vietnam,Male,2002,448816.0,No footnotes
Vietnam,Male,2001,434103.0,No footnotes
Vietnam,Male,2000,427274.0,No footnotes
Vietnam,Male,1999,462443.0,No footnotes
Yemen,Female,2005,52426.0,No footnotes
Yemen,Female,2004,50367.0,No footnotes
Yemen,Female,2000,35958.0,1.0
Yemen,Female,1999,34068.0,No footnotes
Yemen,Male,2005,148617.0,No footnotes
Yemen,Male,2004,141704.0,No footnotes
Yemen,Male,2000,137172.0,No footnotes
Yemen,Male,1999,130098.0,No footnotes
Zambia,Female,2000,7767.0,1.0
Zambia,Female,1999,7325.0,1.0
Zambia,Male,2000,16786.0,No footnotes
Zambia,Male,1999,15830.0,No footnotes
Zimbabwe,Female,2003,21631.0,1.0
Zimbabwe,Female,2002,24569.0,1.0
Zimbabwe,Female,2001,21859.0,1.0
Zimbabwe,Female,2000,18296.0,1.0
Zimbabwe,Male,2003,34058.0,No footnotes
Zimbabwe,Male,2002,35652.0,No footnotes
Zimbabwe,Male,2001,37723.0,No footnotes
Zimbabwe,Male,2000,30598.0,No footnotes
